<server description="Sample Liberty server">
    <featureManager>
        <feature>jaxrs-2.1</feature>
        <feature>jsonp-1.1</feature>
        <feature>cdi-2.0</feature>
        <feature>mpMetrics-1.1</feature>
        <feature>mpHealth-1.0</feature>
        <feature>mpConfig-1.3</feature>
    </featureManager>

    <applicationManager autoExpand="true" />
    <quickStartSecurity userName="admin" userPassword="adminpwd" />
    <keyStore id="defaultKeyStore" password="mpKeystore" />
    <logging traceSpecification="com.ibm.ws.microprofile.health.*=all" />
    <httpEndpoint host="*" httpPort="${default.http.port}"
        httpsPort="${default.https.port}" id="defaultHttpEndpoint"/>

    <variable name="io_openliberty_guides_system_inMaintenance" value="false"/>

    <webApplication location="getting-started.war" contextRoot="/"/>
</server>